Date,generation_kwh,max_hourly_kwh,quality
2023-01-01,3320.8,624.9,ok
2023-01-02,3918.0,623.6,ok
2023-01-03,4077.1,666.0,ok
2023-01-04,3528.7,629.2,ok
2023-01-05,2404.5,484.3,ok
2023-01-06,3397.4,640.2,ok
2023-01-07,3482.9,656.1,ok
2023-01-08,3840.9,680.5,ok
2023-01-09,2571.2,490.7,ok
2023-01-10,3621.6,637.8,ok
2023-01-11,3651.7,636.7,ok
2023-01-12,3187.8,672.2,ok
2023-01-13,913.6,338.1,ok
2023-01-14,160.4,48.3,ok
2023-01-15,303.6,101.5,ok
2023-01-16,4310.7,768.4,ok
2023-01-17,4042.6,703.4,ok
2023-01-18,3125.1,632.4,ok
2023-01-19,3424.4,670.6,ok
2023-01-20,4157.7,731.1,ok
2023-01-21,4500.9,761.8,ok
2023-01-22,708.9,152.9,ok
2023-01-23,3791.0,703.9,ok
2023-01-24,4702.7,780.0,ok
2023-01-25,4036.8,750.0,ok
2023-01-26,2417.4,490.7,ok
2023-01-27,4601.7,763.2,ok
2023-01-28,4433.4,752.9,ok
2023-01-29,4334.3,743.0,ok
2023-01-30,4653.9,771.3,ok
2023-01-31,4468.9,731.1,ok
2023-02-01,3681.8,657.0,ok
2023-02-02,3643.9,660.6,ok
2023-02-03,3414.6,667.1,ok
2023-02-04,4616.5,758.1,ok
2023-02-05,4666.9,743.7,ok
2023-02-06,1796.3,399.6,ok
2023-02-07,2884.1,529.7,ok
2023-02-08,3411.1,541.9,ok
2023-02-09,2168.0,474.6,ok
2023-02-10,3267.1,578.1,ok
2023-02-11,1461.2,291.6,ok
2023-02-12,1350.6,298.1,ok
2023-02-13,708.5,218.3,ok
2023-02-14,3282.9,522.2,ok
2023-02-15,1318.5,354.0,ok
2023-02-16,1677.5,328.3,ok
2023-02-17,1073.3,280.4,ok
2023-02-18,399.5,87.6,ok
2023-02-19,4083.7,726.2,ok
2023-02-20,5294.9,764.2,ok
2023-02-21,5276.1,813.8,ok
2023-02-22,4748.7,777.0,ok
2023-02-23,4783.2,739.3,ok
2023-02-24,4653.2,729.0,ok
2023-02-25,5570.1,827.8,ok
2023-02-26,5413.9,797.6,ok
2023-02-27,5428.2,800.9,ok
2023-02-28,5355.5,785.9,ok
2023-03-01,1580.7,271.5,ok
2023-03-02,5620.8,817.6,ok
2023-03-03,5386.9,789.8,ok
2023-03-04,3888.4,674.7,ok
2023-03-05,4693.2,719.4,ok
2023-03-06,5095.4,761.8,ok
2023-03-07,4276.7,668.5,ok
2023-03-08,4525.1,646.1,ok
2023-03-09,4028.7,626.3,ok
2023-03-10,4816.8,725.8,ok
2023-03-11,3168.2,599.8,ok
2023-03-12,1241.2,371.6,ok
2023-03-13,5884.6,828.2,ok
2023-03-14,5666.9,805.7,ok
2023-03-15,4886.6,716.4,ok
2023-03-16,5268.5,786.0,ok
2023-03-17,2195.1,531.0,ok
2023-03-18,3797.8,738.8,ok
2023-03-19,5385.9,768.7,ok
2023-03-20,4908.7,783.1,ok
2023-03-21,1716.5,308.0,ok
2023-03-22,1247.0,240.2,ok
2023-03-23,891.0,188.1,ok
2023-03-24,516.9,119.3,ok
2023-03-25,2990.0,637.7,ok
2023-03-26,4363.1,751.1,ok
2023-03-27,5891.1,807.6,ok
2023-03-28,5537.4,785.3,ok
2023-03-29,5307.0,757.0,ok
2023-03-30,4086.8,630.7,ok
2023-03-31,5491.0,775.9,ok
2023-04-01,4924.3,683.6,ok
2023-04-02,5661.5,772.7,ok
2023-04-03,5572.0,762.3,ok
2023-04-04,3414.0,644.4,ok
2023-04-05,221.1,35.0,ok
2023-04-06,2430.0,543.2,ok
2023-04-07,4737.4,775.7,ok
2023-04-08,1451.1,198.3,ok
2023-04-09,1436.4,197.3,ok
2023-04-10,4601.3,777.4,ok
2023-04-11,2906.6,608.7,ok
2023-04-12,5794.5,772.8,ok
2023-04-13,5466.2,754.1,ok
2023-04-14,812.4,168.6,ok
2023-04-15,502.8,126.6,ok
2023-04-16,939.5,170.4,ok
2023-04-17,4939.1,743.5,ok
2023-04-18,420.0,54.8,ok
2023-04-19,692.2,96.1,ok
2023-04-20,5343.8,706.8,ok
2023-04-21,2310.7,473.5,ok
2023-04-22,1301.6,185.4,ok
2023-04-23,716.9,126.0,ok
2023-04-24,1591.8,285.8,ok
2023-04-25,795.6,141.9,ok
2023-04-26,5600.0,727.7,ok
2023-04-27,5453.3,702.5,ok
2023-04-28,3988.0,730.3,ok
2023-04-29,0,0,missing_suspect
2023-04-30,0,0,missing_suspect
2023-05-01,0,0,missing_suspect
2023-05-02,4313.8,763.5,ok
2023-05-03,2367.7,482.2,ok
2023-05-04,393.3,88.4,ok
2023-05-05,8.4,2.3,ok
2023-05-06,91.3,30.0,ok
2023-05-07,155.0,20.2,ok
2023-05-08,4426.9,698.8,ok
2023-05-09,5468.6,751.3,ok
2023-05-10,2469.6,567.9,ok
2023-05-11,5064.0,667.8,ok
2023-05-12,3417.3,594.6,ok
2023-05-13,433.3,78.9,ok
2023-05-14,1416.3,189.6,ok
2023-05-15,3971.7,596.5,ok
2023-05-16,4530.7,627.8,ok
2023-05-17,4183.3,619.1,ok
2023-05-18,734.5,132.6,ok
2023-05-19,2170.5,377.0,ok
2023-05-20,1313.9,174.1,ok
2023-05-21,1258.1,168.9,ok
2023-05-22,960.0,138.4,ok
2023-05-23,3274.1,525.2,ok
2023-05-24,3171.9,471.4,ok
2023-05-25,4047.3,563.4,ok
2023-05-26,2192.8,408.3,ok
2023-05-27,1128.4,171.5,ok
2023-05-28,134.5,22.7,ok
2023-05-29,83.6,15.3,ok
2023-05-30,811.6,117.3,ok
2023-05-31,4064.3,541.7,ok
2023-06-01,670.7,92.0,ok
2023-06-02,3981.0,523.1,ok
2023-06-03,4076.7,535.9,ok
2023-06-04,3638.9,471.4,ok
2023-06-05,2678.3,408.3,ok
2023-06-06,3736.9,528.0,ok
2023-06-07,3542.8,453.9,ok
2023-06-08,3059.7,491.9,ok
2023-06-09,3901.3,521.3,ok
2023-06-10,3144.4,450.0,ok
2023-06-11,3226.6,512.4,ok
2023-06-12,3477.9,481.8,ok
2023-06-13,3371.1,486.7,ok
2023-06-14,3152.4,493.2,ok
2023-06-15,3903.6,681.0,ok
2023-06-16,5387.8,699.1,ok
2023-06-17,4813.2,666.7,ok
2023-06-18,4934.0,686.5,ok
2023-06-19,4916.7,666.4,ok
2023-06-20,3823.4,610.1,ok
2023-06-21,1042.2,183.7,ok
2023-06-22,4870.8,625.2,ok
2023-06-23,4724.2,656.7,ok
2023-06-24,4312.9,616.7,ok
2023-06-25,1647.6,294.0,ok
2023-06-26,962.8,227.2,ok
2023-06-27,2613.7,448.5,ok
2023-06-28,2983.2,484.9,ok
2023-06-29,307.1,93.4,ok
2023-06-30,699.6,138.1,ok
2023-07-01,2575.9,489.2,ok
2023-07-02,3507.9,615.4,ok
2023-07-03,3613.8,620.4,ok
2023-07-04,975.6,145.3,ok
2023-07-05,4502.8,681.1,ok
2023-07-06,4533.0,584.3,ok
2023-07-07,555.9,190.8,ok
2023-07-08,716.3,118.4,ok
2023-07-09,1094.4,157.1,ok
2023-07-10,2462.9,425.8,ok
2023-07-11,1122.1,287.2,ok
2023-07-12,714.1,117.2,ok
2023-07-13,1638.1,327.7,ok
2023-07-14,690.8,137.4,ok
2023-07-15,1643.1,272.9,ok
2023-07-16,536.2,141.5,ok
2023-07-17,2051.3,379.0,ok
2023-07-18,527.5,134.8,ok
2023-07-19,2036.1,307.8,ok
2023-07-20,3855.6,608.9,ok
2023-07-21,3692.7,632.8,ok
2023-07-22,1918.1,361.9,ok
2023-07-23,1644.0,284.1,ok
2023-07-24,1736.4,464.7,ok
2023-07-25,2980.8,546.6,ok
2023-07-26,3116.4,562.7,ok
2023-07-27,4600.8,627.3,ok
2023-07-28,2846.8,396.9,ok
2023-07-29,4553.3,607.5,ok
2023-07-30,4505.2,605.1,ok
2023-07-31,4446.5,588.7,ok
2023-08-01,4551.6,622.9,ok
2023-08-02,4278.6,594.2,ok
2023-08-03,4516.2,603.0,ok
2023-08-04,3955.9,604.3,ok
2023-08-05,4435.9,594.3,ok
2023-08-06,3459.9,570.8,ok
2023-08-07,3392.2,560.5,ok
2023-08-08,3315.6,531.6,ok
2023-08-09,510.0,87.6,ok
2023-08-10,1852.6,411.7,ok
2023-08-11,4692.6,645.4,ok
2023-08-12,3974.8,549.1,ok
2023-08-13,4286.0,610.2,ok
2023-08-14,3989.3,517.4,ok
2023-08-15,4366.0,617.0,ok
2023-08-16,2580.0,369.7,ok
2023-08-17,2450.0,460.1,ok
2023-08-18,1887.9,271.3,ok
2023-08-19,1313.6,262.4,ok
2023-08-20,4400.3,607.0,ok
2023-08-21,4140.8,611.1,ok
2023-08-22,1688.1,523.2,ok
2023-08-23,3474.5,553.7,ok
2023-08-24,1320.7,417.0,ok
2023-08-25,4414.9,623.0,ok
2023-08-26,4395.1,619.5,ok
2023-08-27,3879.9,533.8,ok
2023-08-28,2409.5,454.1,ok
2023-08-29,1589.7,370.6,ok
2023-08-30,794.2,126.1,ok
2023-08-31,2598.9,567.5,ok
2023-09-01,1221.3,260.3,ok
2023-09-02,1353.6,282.5,ok
2023-09-03,3593.7,612.4,ok
2023-09-04,3669.6,495.9,ok
2023-09-05,4376.7,674.3,ok
2023-09-06,4792.8,681.7,ok
2023-09-07,5157.5,717.6,ok
2023-09-08,4486.8,657.0,ok
2023-09-09,5121.7,693.2,ok
2023-09-10,5052.8,695.5,ok
2023-09-11,3132.6,445.5,ok
2023-09-12,3322.7,660.1,ok
2023-09-13,2243.1,389.0,ok
2023-09-14,715.5,167.0,ok
2023-09-15,1096.1,217.1,ok
2023-09-16,602.0,173.1,ok
2023-09-17,1511.2,300.5,ok
2023-09-18,4199.1,700.8,ok
2023-09-19,3776.2,595.6,ok
2023-09-20,533.1,113.3,ok
2023-09-21,967.4,183.0,ok
2023-09-22,3260.6,593.1,ok
2023-09-23,3512.4,604.9,ok
2023-09-24,5014.3,709.2,ok
2023-09-25,1862.2,462.6,ok
2023-09-26,0,0,missing_suspect
2023-09-27,19.5,12.2,ok
2023-09-28,0,0,missing_suspect
2023-09-29,0,0,missing_suspect
2023-09-30,0,0,missing_suspect
2023-10-01,0,0,missing_suspect
2023-10-02,0,0,missing_suspect
2023-10-03,0,0,missing_suspect
2023-10-04,2267.0,365.0,ok
2023-10-05,480.5,141.1,ok
2023-10-06,1320.4,320.5,ok
2023-10-07,0,0,missing_suspect
2023-10-08,0,0,missing_suspect
2023-10-09,0,0,missing_suspect
2023-10-10,1051.3,181.6,ok
2023-10-11,2153.9,355.2,ok
2023-10-12,2430.2,366.9,ok
2023-10-13,1389.2,281.7,ok
2023-10-14,0,0,missing_suspect
2023-10-15,0,0,missing_suspect
2023-10-16,2157.5,356.8,ok
2023-10-17,2526.7,368.3,ok
2023-10-18,2305.6,355.8,ok
2023-10-19,1597.5,272.8,ok
2023-10-20,4368.3,759.4,ok
2023-10-21,4189.2,741.6,ok
2023-10-22,3476.9,630.0,ok
2023-10-23,4745.2,714.2,ok
2023-10-24,4177.2,659.8,ok
2023-10-25,4583.9,692.9,ok
2023-10-26,4100.5,641.0,ok
2023-10-27,4480.1,706.0,ok
2023-10-28,4389.7,688.0,ok
2023-10-29,4403.1,680.6,ok
2023-10-30,4359.5,678.7,ok
2023-10-31,4494.0,696.5,ok
2023-11-01,4142.5,644.7,ok
2023-11-02,4472.1,695.7,ok
2023-11-03,3960.1,598.0,ok
2023-11-04,1899.9,352.7,ok
2023-11-05,2238.0,492.0,ok
2023-11-06,1270.4,334.7,ok
2023-11-07,4573.2,727.6,ok
2023-11-08,4533.0,716.3,ok
2023-11-09,3041.8,640.9,ok
2023-11-10,3058.8,679.6,ok
2023-11-11,3957.8,709.9,ok
2023-11-12,4285.9,747.7,ok
2023-11-13,4776.9,757.3,ok
2023-11-14,4583.9,739.2,ok
2023-11-15,4227.3,708.4,ok
2023-11-16,806.9,240.3,ok
2023-11-17,3916.2,732.8,ok
2023-11-18,4516.3,756.2,ok
2023-11-19,4221.3,713.0,ok
2023-11-20,4365.0,717.0,ok
2023-11-21,4315.9,701.2,ok
2023-11-22,4174.5,684.0,ok
2023-11-23,3001.2,527.3,ok
2023-11-24,4397.5,730.0,ok
2023-11-25,4522.0,751.7,ok
2023-11-26,2103.5,453.9,ok
2023-11-27,1174.5,309.7,ok
2023-11-28,4124.7,726.7,ok
2023-11-29,1879.1,437.6,ok
2023-11-30,3910.8,731.3,ok
2023-12-01,3722.7,654.0,ok
2023-12-02,3926.2,701.0,ok
2023-12-03,3853.6,677.1,ok
2023-12-04,3958.3,685.2,ok
2023-12-05,3952.1,657.2,ok
2023-12-06,2102.1,503.4,ok
2023-12-07,3860.4,662.0,ok
2023-12-08,3121.7,573.7,ok
2023-12-09,2505.5,497.6,ok
2023-12-10,3118.7,602.5,ok
2023-12-11,192.4,37.1,ok
2023-12-12,565.8,117.0,ok
2023-12-13,3227.2,614.2,ok
2023-12-14,262.4,53.7,ok
2023-12-15,319.2,78.0,ok
2023-12-16,1552.5,511.6,ok
2023-12-17,3801.2,709.2,ok
2023-12-18,2731.9,627.6,ok
2023-12-19,2552.6,572.4,ok
2023-12-20,2984.7,535.6,ok
2023-12-21,3269.8,608.4,ok
2023-12-22,3460.9,706.2,ok
2023-12-23,2894.5,598.9,ok
2023-12-24,2418.4,662.0,ok
2023-12-25,3479.9,629.9,ok
2023-12-26,3256.4,622.5,ok
2023-12-27,3862.6,682.9,ok
2023-12-28,3096.4,642.3,ok
2023-12-29,3682.2,669.1,ok
2023-12-30,2554.6,570.3,ok
2023-12-31,3428.9,684.0,ok
2024-01-01,3434.3,668.4,ok
2024-01-02,3390.3,622.7,ok
2024-01-03,2206.6,460.1,ok
2024-01-04,3812.0,729.5,ok
2024-01-05,2849.7,562.9,ok
2024-01-06,3609.0,678.0,ok
2024-01-07,4109.5,698.1,ok
2024-01-08,3802.3,756.9,ok
2024-01-09,644.4,163.9,ok
2024-01-10,2279.1,534.1,ok
2024-01-11,3451.8,683.8,ok
2024-01-12,3500.1,623.7,ok
2024-01-13,4144.0,711.8,ok
2024-01-14,3748.7,678.5,ok
2024-01-15,4392.7,756.4,ok
2024-01-16,3809.2,735.7,ok
2024-01-17,743.0,230.2,ok
2024-01-18,277.5,72.5,ok
2024-01-19,739.5,117.3,ok
2024-01-20,325.4,59.2,ok
2024-01-21,0,0,missing_suspect
2024-01-22,3744.0,659.6,ok
2024-01-23,4659.6,798.6,ok
2024-01-24,3947.6,672.8,ok
2024-01-25,4023.8,668.0,ok
2024-01-26,4220.8,751.0,ok
2024-01-27,4400.3,734.7,ok
2024-01-28,4589.2,761.4,ok
2024-01-29,4208.7,724.6,ok
2024-01-30,3603.3,728.4,ok
2024-01-31,2681.2,683.5,ok
2024-02-01,654.0,167.7,ok
2024-02-02,2244.0,432.5,ok
2024-02-03,849.3,133.7,ok
2024-02-04,1638.8,327.5,ok
2024-02-05,547.6,141.3,ok
2024-02-06,868.1,185.7,ok
2024-02-07,4806.8,776.7,ok
2024-02-08,4150.7,669.0,ok
2024-02-09,4772.5,768.0,ok
2024-02-10,4489.3,725.6,ok
2024-02-11,4219.5,654.9,ok
2024-02-12,4947.7,784.6,ok
2024-02-13,4501.2,711.1,ok
2024-02-14,692.4,180.7,ok
2024-02-15,1890.5,452.8,ok
2024-02-16,5222.2,794.1,ok
2024-02-17,5262.4,786.6,ok
2024-02-18,546.5,150.6,ok
2024-02-19,2586.8,499.8,ok
2024-02-20,373.0,103.0,ok
2024-02-21,370.3,65.8,ok
2024-02-22,658.8,128.3,ok
2024-02-23,1523.8,311.6,ok
2024-02-24,2173.2,434.1,ok
2024-02-25,1521.0,257.8,ok
2024-02-26,4925.8,750.0,ok
2024-02-27,3730.8,604.7,ok
2024-02-28,5230.7,795.0,ok
2024-02-29,535.1,99.5,ok
2024-03-01,5645.9,825.3,ok
2024-03-02,5778.0,847.3,ok
2024-03-03,3609.1,712.3,ok
2024-03-04,3492.9,708.8,ok
2024-03-05,365.9,58.9,ok
2024-03-06,3440.7,622.8,ok
2024-03-07,3747.5,619.8,ok
2024-03-08,5622.5,812.6,ok
2024-03-09,5835.7,829.4,ok
2024-03-10,5656.2,801.8,ok
2024-03-11,2841.4,614.4,ok
2024-03-12,3452.3,603.5,ok
2024-03-13,5578.0,793.3,ok
2024-03-14,5042.3,783.3,ok
2024-03-15,5694.0,796.4,ok
2024-03-16,5121.4,784.9,ok
2024-03-17,4503.0,687.0,ok
2024-03-18,5347.5,786.3,ok
2024-03-19,3286.5,676.3,ok
2024-03-20,5757.5,825.2,ok
2024-03-21,5999.7,822.4,ok
2024-03-22,3348.7,581.7,ok
2024-03-23,4867.6,738.0,ok
2024-03-24,623.7,100.8,ok
2024-03-25,894.4,189.0,ok
2024-03-26,2477.6,579.5,ok
2024-03-27,4548.3,778.0,ok
2024-03-28,266.3,54.0,ok
2024-03-29,4156.0,770.0,ok
2024-03-30,3490.5,515.3,ok
2024-03-31,3900.8,706.8,ok
2024-04-01,5838.4,799.3,ok
2024-04-02,2814.2,549.5,ok
2024-04-03,406.7,73.6,ok
2024-04-04,852.7,138.2,ok
2024-04-05,4759.5,745.5,ok
2024-04-06,3304.4,532.7,ok
2024-04-07,4909.9,720.2,ok
2024-04-08,1957.6,270.9,ok
2024-04-09,2645.1,464.5,ok
2024-04-10,5784.7,776.2,ok
2024-04-11,2062.1,422.6,ok
2024-04-12,5014.3,746.8,ok
2024-04-13,5874.0,795.4,ok
2024-04-14,4819.9,680.4,ok
2024-04-15,341.1,53.6,ok
2024-04-16,4932.0,759.2,ok
2024-04-17,4424.3,637.1,ok
2024-04-18,5456.2,740.2,ok
2024-04-19,5408.4,743.8,ok
2024-04-20,593.4,105.8,ok
2024-04-21,405.3,74.8,ok
2024-04-22,1419.1,193.8,ok
2024-04-23,3205.2,657.9,ok
2024-04-24,4787.0,778.8,ok
2024-04-25,6047.0,798.6,ok
2024-04-26,2691.5,471.4,ok
2024-04-27,5753.0,752.3,ok
2024-04-28,5095.9,669.2,ok
2024-04-29,653.6,111.6,ok
2024-04-30,3561.1,680.8,ok
2024-05-01,1907.2,352.4,ok
2024-05-02,5859.6,769.9,ok
2024-05-03,5961.6,784.2,ok
2024-05-04,5639.7,746.3,ok
2024-05-05,192.8,47.7,ok
2024-05-06,3429.6,664.8,ok
2024-05-07,2935.1,490.3,ok
2024-05-08,4265.7,709.8,ok
2024-05-09,5876.3,772.7,ok
2024-05-10,5767.2,756.9,ok
2024-05-11,2964.5,421.8,ok
2024-05-12,3349.1,549.4,ok
2024-05-13,5893.2,754.5,ok
2024-05-14,5839.7,764.6,ok
2024-05-15,5705.5,762.6,ok
2024-05-16,5864.9,764.4,ok
2024-05-17,5355.1,752.2,ok
2024-05-18,5756.4,750.4,ok
2024-05-19,5732.9,732.8,ok
2024-05-20,1278.3,440.0,ok
2024-05-21,5523.8,730.6,ok
2024-05-22,4594.0,701.3,ok
2024-05-23,5485.9,719.0,ok
2024-05-24,5493.9,718.8,ok
2024-05-25,4931.6,653.5,ok
2024-05-26,2407.4,470.6,ok
2024-05-27,4575.5,643.9,ok
2024-05-28,4491.7,716.3,ok
2024-05-29,5615.3,717.4,ok
2024-05-30,2835.3,498.1,ok
2024-05-31,5439.1,726.8,ok
2024-06-01,5446.1,706.2,ok
2024-06-02,5228.4,668.9,ok
2024-06-03,4604.3,715.4,ok
2024-06-04,5790.8,746.9,ok
2024-06-05,4948.0,674.8,ok
2024-06-06,2612.0,392.8,ok
2024-06-07,4377.7,614.6,ok
2024-06-08,778.9,106.4,ok
2024-06-09,3777.9,632.9,ok
2024-06-10,4987.2,720.6,ok
2024-06-11,5068.1,675.2,ok
2024-06-12,5390.7,714.3,ok
2024-06-13,5293.4,679.7,ok
2024-06-14,5309.5,687.2,ok
2024-06-15,5112.8,682.8,ok
2024-06-16,4922.8,690.5,ok
2024-06-17,2086.3,285.6,ok
2024-06-18,5372.5,683.8,ok
2024-06-19,4721.9,662.8,ok
2024-06-20,986.7,174.4,ok
2024-06-21,4678.3,641.6,ok
2024-06-22,474.1,73.1,ok
2024-06-23,2162.8,323.5,ok
2024-06-24,3236.2,548.4,ok
2024-06-25,3138.9,447.6,ok
2024-06-26,4564.9,620.6,ok
2024-06-27,1392.8,215.4,ok
2024-06-28,5395.8,708.6,ok
2024-06-29,802.3,137.6,ok
2024-06-30,849.2,167.1,ok
2024-07-01,4665.6,664.0,ok
2024-07-02,785.0,125.9,ok
2024-07-03,3342.8,632.3,ok
2024-07-04,4899.8,664.7,ok
2024-07-05,4516.0,691.2,ok
2024-07-06,4335.7,591.2,ok
2024-07-07,1932.1,431.0,ok
2024-07-08,1059.8,189.9,ok
2024-07-09,1136.2,223.2,ok
2024-07-10,2226.5,466.2,ok
2024-07-11,1343.3,231.4,ok
2024-07-12,5066.1,679.7,ok
2024-07-13,2674.5,427.2,ok
2024-07-14,1015.6,166.3,ok
2024-07-15,1577.8,372.4,ok
2024-07-16,231.2,56.8,ok
2024-07-17,2775.5,521.9,ok
2024-07-18,1072.8,161.1,ok
2024-07-19,1821.6,465.2,ok
2024-07-20,3678.7,579.6,ok
2024-07-21,4596.1,641.2,ok
2024-07-22,4155.6,660.9,ok
2024-07-23,3190.8,412.5,ok
2024-07-24,3287.7,610.8,ok
2024-07-25,4719.1,662.1,ok
2024-07-26,2910.9,538.6,ok
2024-07-27,2813.1,407.9,ok
2024-07-28,4788.5,638.7,ok
2024-07-29,4501.0,654.2,ok
2024-07-30,4952.4,652.1,ok
2024-07-31,4912.3,650.9,ok
2024-08-01,3382.6,546.1,ok
2024-08-02,4070.1,610.8,ok
2024-08-03,4647.5,630.5,ok
2024-08-04,3995.5,600.1,ok
2024-08-05,4330.9,623.3,ok
2024-08-06,4423.0,630.1,ok
2024-08-07,4584.2,629.2,ok
2024-08-08,4092.3,578.2,ok
2024-08-09,4603.6,620.3,ok
2024-08-10,4425.5,619.7,ok
2024-08-11,4269.9,605.8,ok
2024-08-12,4507.0,621.9,ok
2024-08-13,4242.8,613.3,ok
2024-08-14,4464.2,605.6,ok
2024-08-15,3966.7,511.1,ok
2024-08-16,3194.9,447.1,ok
2024-08-17,4072.4,587.7,ok
2024-08-18,3836.5,578.2,ok
2024-08-19,2473.6,353.3,ok
2024-08-20,2740.8,502.8,ok
2024-08-21,2549.0,639.6,ok
2024-08-22,1889.9,272.3,ok
2024-08-23,4410.4,610.8,ok
2024-08-24,4299.8,600.8,ok
2024-08-25,4211.8,566.0,ok
2024-08-26,4070.6,615.3,ok
2024-08-27,2217.6,338.8,ok
2024-08-28,3218.0,484.2,ok
2024-08-29,3649.2,531.6,ok
2024-08-30,4352.9,597.7,ok
2024-08-31,4477.1,616.4,ok
2024-09-01,4293.1,606.9,ok
2024-09-02,2893.3,447.8,ok
2024-09-03,2730.7,482.9,ok
2024-09-04,4054.8,553.3,ok
2024-09-05,4318.2,601.9,ok
2024-09-06,2719.0,591.0,ok
2024-09-07,1587.6,293.9,ok
2024-09-08,3534.9,467.5,ok
2024-09-09,3550.7,533.3,ok
2024-09-10,3917.8,589.4,ok
2024-09-11,524.2,238.1,ok
2024-09-12,3325.1,557.0,ok
2024-09-13,4104.9,618.9,ok
2024-09-14,4851.6,665.8,ok
2024-09-15,3521.3,499.1,ok
2024-09-16,2088.0,329.0,ok
2024-09-17,4479.4,675.5,ok
2024-09-18,4902.6,668.5,ok
2024-09-19,4611.0,668.5,ok
2024-09-20,380.9,81.1,ok
2024-09-21,739.9,159.4,ok
2024-09-22,1521.1,246.5,ok
2024-09-23,3892.8,597.3,ok
2024-09-24,3758.2,610.8,ok
2024-09-25,3762.2,625.3,ok
2024-09-26,4223.7,651.3,ok
2024-09-27,4410.0,683.4,ok
2024-09-28,3902.6,683.6,ok
2024-09-29,3734.3,600.7,ok
2024-09-30,4967.1,711.2,ok
2024-10-01,3520.6,684.2,ok
2024-10-02,4579.9,742.7,ok
2024-10-03,1997.4,432.5,ok
2024-10-04,4809.6,733.2,ok
2024-10-05,4450.8,732.9,ok
2024-10-06,1026.0,226.0,ok
2024-10-07,1417.2,249.4,ok
2024-10-08,4808.3,706.5,ok
2024-10-09,3518.0,636.4,ok
2024-10-10,4432.8,742.1,ok
2024-10-11,4813.2,701.4,ok
2024-10-12,4809.6,714.1,ok
2024-10-13,3763.5,647.5,ok
2024-10-14,947.3,200.1,ok
2024-10-15,1523.1,384.7,ok
2024-10-16,3443.0,608.4,ok
2024-10-17,1890.2,429.7,ok
2024-10-18,608.1,152.6,ok
2024-10-19,3287.2,667.2,ok
2024-10-20,2827.2,544.3,ok
2024-10-21,1722.0,363.4,ok
2024-10-22,582.8,103.6,ok
2024-10-23,4855.8,735.8,ok
2024-10-24,4971.3,744.7,ok
2024-10-25,2907.0,673.5,ok
2024-10-26,4280.8,700.3,ok
2024-10-27,1013.8,162.2,ok
2024-10-28,2282.4,437.1,ok
2024-10-29,3062.1,482.7,ok
2024-10-30,4299.8,692.9,ok
2024-10-31,397.8,165.4,ok
2024-11-01,287.8,100.8,ok
2024-11-02,2328.2,594.0,ok
2024-11-03,4282.1,634.0,ok
2024-11-04,3139.4,536.0,ok
2024-11-05,3494.7,670.3,ok
2024-11-06,4772.4,757.7,ok
2024-11-07,4297.2,704.1,ok
2024-11-08,2486.4,476.0,ok
2024-11-09,3591.4,670.7,ok
2024-11-10,1040.5,231.5,ok
2024-11-11,711.4,257.6,ok
2024-11-12,3939.7,641.1,ok
2024-11-13,2695.6,571.9,ok
2024-11-14,2842.2,648.4,ok
2024-11-15,1114.1,301.2,ok
2024-11-16,3729.3,628.5,ok
2024-11-17,1227.2,307.3,ok
2024-11-18,4577.8,738.1,ok
2024-11-19,2713.7,544.8,ok
2024-11-20,1806.9,322.0,ok
2024-11-21,3701.2,650.8,ok
2024-11-22,4055.6,681.8,ok
2024-11-23,2790.0,587.4,ok
2024-11-24,3113.2,519.9,ok
2024-11-25,2895.0,616.8,ok
2024-11-26,2652.1,648.6,ok
2024-11-27,2385.9,585.0,ok
2024-11-28,2782.3,577.8,ok
2024-11-29,2680.4,462.0,ok
2024-11-30,3991.5,686.0,ok
2024-12-01,2990.4,513.9,ok
2024-12-02,3690.9,643.9,ok
2024-12-03,3332.9,684.5,ok
2024-12-04,3820.1,680.4,ok
2024-12-05,3770.9,671.9,ok
2024-12-06,2670.2,464.2,ok
2024-12-07,2694.9,621.8,ok
2024-12-08,4136.4,714.0,ok
2024-12-09,3857.8,685.4,ok
2024-12-10,3749.2,633.1,ok
2024-12-11,2878.6,578.2,ok
2024-12-12,3753.4,687.2,ok
2024-12-13,1743.6,455.1,ok
2024-12-14,3669.7,665.7,ok
2024-12-15,0,0,missing_suspect
2024-12-16,3398.0,657.6,ok
2024-12-17,3661.5,658.2,ok
2024-12-18,3882.1,702.0,ok
2024-12-19,4016.6,694.2,ok
2024-12-20,1957.4,569.2,ok
2024-12-21,2850.1,557.7,ok
2024-12-22,4206.5,724.6,ok
2024-12-23,3868.4,694.4,ok
2024-12-24,3992.5,691.4,ok
2024-12-25,2732.7,615.6,ok
2024-12-26,3260.1,594.1,ok
2024-12-27,3595.2,666.2,ok
2024-12-28,3516.9,628.2,ok
2024-12-29,3879.5,677.1,ok
2024-12-30,2785.5,560.3,ok
2024-12-31,3947.7,692.7,ok
2025-01-01,3982.6,697.6,ok
2025-01-02,3627.7,632.8,ok
2025-01-03,4177.0,725.5,ok
2025-01-04,3897.0,656.4,ok
2025-01-05,918.2,350.6,ok
2025-01-06,2486.7,482.8,ok
2025-01-07,2896.8,587.0,ok
2025-01-08,3515.7,666.4,ok
2025-01-09,3041.2,576.9,ok
2025-01-10,3994.4,692.3,ok
2025-01-11,3172.2,683.9,ok
2025-01-12,4110.1,708.6,ok
2025-01-13,3555.7,651.2,ok
2025-01-14,3507.3,608.9,ok
2025-01-15,4096.0,740.3,ok
2025-01-16,3865.0,655.0,ok
2025-01-17,3627.7,678.0,ok
2025-01-18,3396.0,677.7,ok
2025-01-19,3857.9,636.8,ok
2025-01-20,3353.2,601.3,ok
2025-01-21,3891.1,664.7,ok
2025-01-22,2833.2,524.0,ok
2025-01-23,3552.0,603.1,ok
2025-01-24,3790.1,660.1,ok
2025-01-25,2292.7,493.7,ok
2025-01-26,2085.5,513.3,ok
2025-01-27,3272.2,726.5,ok
2025-01-28,2427.1,642.0,ok
2025-01-29,4890.2,793.8,ok
2025-01-30,4267.9,733.2,ok
2025-01-31,1867.4,444.9,ok
2025-02-01,350.1,101.1,ok
2025-02-02,2744.1,585.7,ok
2025-02-03,4722.3,782.3,ok
2025-02-04,5182.4,809.5,ok
2025-02-05,3954.0,721.3,ok
2025-02-06,3098.1,469.5,ok
2025-02-07,4026.9,739.2,ok
2025-02-08,5250.2,798.0,ok
2025-02-09,5184.3,804.0,ok
2025-02-10,4846.9,771.5,ok
2025-02-11,4825.1,748.8,ok
2025-02-12,810.2,369.8,ok
2025-02-13,5283.5,806.9,ok
2025-02-14,5055.9,778.6,ok
2025-02-15,901.8,216.1,ok
2025-02-16,4650.1,715.4,ok
2025-02-17,5233.9,799.0,ok
2025-02-18,5341.8,804.4,ok
2025-02-19,5260.0,780.1,ok
2025-02-20,5067.6,766.5,ok
2025-02-21,5071.4,812.9,ok
2025-02-22,5208.9,822.0,ok
2025-02-23,5386.5,820.2,ok
2025-02-24,5555.2,815.3,ok
2025-02-25,4145.9,761.8,ok
2025-02-26,4887.5,747.7,ok
2025-02-27,3313.2,471.6,ok
2025-02-28,4202.0,754.0,ok
2025-03-01,782.7,169.2,ok
2025-03-02,984.8,218.6,ok
2025-03-03,724.6,123.7,ok
2025-03-04,1163.7,345.1,ok
2025-03-05,2422.3,590.0,ok
2025-03-06,2787.7,610.2,ok
2025-03-07,4733.1,752.5,ok
2025-03-08,4989.0,754.3,ok
2025-03-09,5271.7,763.3,ok
2025-03-10,3170.3,561.3,ok
2025-03-11,5381.1,767.8,ok
2025-03-12,3429.9,465.2,ok
2025-03-13,3988.8,626.5,ok
2025-03-14,5397.5,782.0,ok
2025-03-15,820.9,166.5,ok
2025-03-16,3268.5,519.0,ok
2025-03-17,5808.3,815.9,ok
2025-03-18,4102.1,629.0,ok
2025-03-19,5751.6,808.7,ok
2025-03-20,5337.8,777.6,ok
2025-03-21,5348.9,755.0,ok
2025-03-22,5350.1,759.6,ok
2025-03-23,5135.7,735.2,ok
2025-03-24,4698.7,697.7,ok
2025-03-25,4951.1,729.2,ok
2025-03-26,5257.8,740.3,ok
2025-03-27,1279.6,374.1,ok
2025-03-28,4292.7,647.7,ok
2025-03-29,3682.5,636.1,ok
2025-03-30,4880.7,711.6,ok
2025-03-31,5616.5,777.5,ok
2025-04-01,5431.4,775.5,ok
2025-04-02,5638.5,794.1,ok
2025-04-03,5060.3,749.6,ok
2025-04-04,5662.9,789.1,ok
2025-04-05,1603.3,269.8,ok
2025-04-06,5918.4,802.5,ok
2025-04-07,5868.9,795.7,ok
2025-04-08,5324.4,745.2,ok
2025-04-09,4777.8,716.3,ok
2025-04-10,5308.1,750.9,ok
2025-04-11,5643.6,775.4,ok
2025-04-12,1774.8,322.8,ok
2025-04-13,3397.7,637.7,ok
2025-04-14,3368.9,687.6,ok
2025-04-15,5516.1,779.6,ok
2025-04-16,5180.9,740.7,ok
2025-04-17,1400.7,179.5,ok
2025-04-18,4847.2,689.7,ok
2025-04-19,1629.4,249.6,ok
2025-04-20,852.2,129.7,ok
2025-04-21,4304.5,649.7,ok
2025-04-22,467.1,95.8,ok
2025-04-23,1928.9,341.2,ok
2025-04-24,5274.6,736.9,ok
2025-04-25,5094.0,724.4,ok
2025-04-26,3570.6,716.5,ok
2025-04-27,4769.2,681.3,ok
2025-04-28,5357.3,744.8,ok
2025-04-29,5622.0,758.0,ok
2025-04-30,5646.0,744.3,ok
2025-05-01,1560.3,491.0,ok
2025-05-02,5740.0,757.9,ok
2025-05-03,988.5,216.5,ok
2025-05-04,2963.9,685.4,ok
2025-05-05,2286.5,463.9,ok
2025-05-06,1275.5,206.1,ok
2025-05-07,5346.4,755.7,ok
2025-05-08,5506.6,751.4,ok
2025-05-09,559.7,91.9,ok
2025-05-10,2104.7,336.4,ok
2025-05-11,3511.1,626.3,ok
2025-05-12,5653.3,744.8,ok
2025-05-13,4739.7,672.2,ok
2025-05-14,5098.5,709.6,ok
2025-05-15,597.1,94.0,ok
2025-05-16,458.2,71.1,ok
2025-05-17,4679.8,733.7,ok
2025-05-18,5393.9,750.0,ok
2025-05-19,4921.0,681.6,ok
2025-05-20,3945.0,698.1,ok
2025-05-21,1868.9,317.1,ok
2025-05-22,1135.3,156.4,ok
2025-05-23,2456.4,414.0,ok
2025-05-24,855.3,133.5,ok
2025-05-25,5482.5,722.4,ok
2025-05-26,5214.7,714.7,ok
2025-05-27,5135.6,673.7,ok
2025-05-28,5149.6,671.4,ok
2025-05-29,4811.4,672.2,ok
2025-05-30,1351.7,494.2,ok
2025-05-31,0,0,missing_suspect
2025-06-01,0,0,missing_suspect
2025-06-02,1289.0,257.8,ok
2025-06-03,4883.7,679.1,ok
2025-06-04,5398.4,706.1,ok
2025-06-05,5149.5,684.1,ok
2025-06-06,2313.1,361.3,ok
2025-06-07,5184.2,705.1,ok
2025-06-08,3754.2,644.4,ok
2025-06-09,3195.7,555.8,ok
2025-06-10,3824.5,617.6,ok
2025-06-11,4974.4,632.7,ok
2025-06-12,2869.0,357.0,ok
2025-06-13,1918.9,313.2,ok
2025-06-14,1148.5,316.8,ok
2025-06-15,3514.9,667.0,ok
2025-06-16,2062.2,394.5,ok
2025-06-17,3573.6,647.5,ok
2025-06-18,4992.6,673.3,ok
2025-06-19,3099.2,479.3,ok
2025-06-20,1328.3,199.4,ok
2025-06-21,497.2,82.6,ok
2025-06-22,3445.8,646.0,ok
2025-06-23,5050.4,651.8,ok
2025-06-24,795.2,122.0,ok
2025-06-25,3497.4,609.5,ok
2025-06-26,4855.4,631.7,ok
2025-06-27,4707.3,601.6,ok
2025-06-28,4752.8,622.5,ok
2025-06-29,4911.4,641.0,ok
2025-06-30,4821.5,638.4,ok
2025-07-01,3751.8,547.0,ok
2025-07-02,4695.3,614.9,ok
2025-07-03,4794.7,634.2,ok
2025-07-04,4219.2,522.3,ok
2025-07-05,4769.1,622.3,ok
2025-07-06,4678.6,603.0,ok
2025-07-07,4560.6,597.6,ok
2025-07-08,3786.2,521.9,ok
2025-07-09,4701.3,607.4,ok
2025-07-10,4396.4,573.6,ok
2025-07-11,4280.2,600.8,ok
2025-07-12,4357.5,598.4,ok
2025-07-13,918.0,335.6,ok
2025-07-14,4507.4,600.7,ok
2025-07-15,3054.9,587.7,ok
2025-07-16,746.6,176.1,ok
2025-07-17,742.7,117.1,ok
2025-07-18,1762.8,331.0,ok
2025-07-19,672.6,108.3,ok
2025-07-20,3638.9,519.7,ok
2025-07-21,2871.9,539.7,ok
2025-07-22,4495.5,602.0,ok
2025-07-23,4467.4,609.6,ok
2025-07-24,4623.9,609.3,ok
2025-07-25,4543.3,607.1,ok
2025-07-26,4482.1,610.8,ok
2025-07-27,4532.5,599.4,ok
2025-07-28,3951.7,598.5,ok
2025-07-29,4537.9,599.1,ok
2025-07-30,4504.3,608.0,ok
2025-07-31,4432.8,582.1,ok
2025-08-01,4393.7,583.9,ok
2025-08-02,3715.1,584.8,ok
2025-08-03,2543.9,515.0,ok
2025-08-04,2583.6,364.7,ok
2025-08-05,2267.8,500.3,ok
2025-08-06,1948.1,274.8,ok
2025-08-07,3438.3,549.0,ok
2025-08-08,2858.1,430.1,ok
2025-08-09,733.2,191.2,ok
2025-08-10,1521.1,303.6,ok
2025-08-11,1557.3,336.0,ok
2025-08-12,383.8,87.8,ok
2025-08-13,3465.4,507.6,ok
2025-08-14,3878.4,544.0,ok
2025-08-15,4064.9,541.2,ok
2025-08-16,4089.4,560.6,ok
2025-08-17,4087.3,554.5,ok
2025-08-18,3216.4,529.6,ok
2025-08-19,3948.8,547.8,ok
2025-08-20,4028.4,542.5,ok
2025-08-21,3778.8,538.4,ok
2025-08-22,3665.5,527.6,ok
2025-08-23,3857.5,531.7,ok
2025-08-24,3762.6,525.4,ok
2025-08-25,3562.1,535.6,ok
2025-08-26,2912.5,428.5,ok
2025-08-27,3588.1,520.6,ok
2025-08-28,3513.7,515.6,ok
2025-08-29,3679.8,502.1,ok
2025-08-30,3726.7,512.1,ok
2025-08-31,2091.4,376.7,ok
2025-09-01,1306.4,225.6,ok
2025-09-02,2573.9,430.0,ok
2025-09-03,4742.9,670.8,ok
2025-09-04,4125.1,628.1,ok
2025-09-05,4850.2,651.2,ok
2025-09-06,3672.6,647.6,ok
2025-09-07,2348.7,540.1,ok
2025-09-08,2628.6,364.5,ok
2025-09-09,1087.1,175.0,ok
2025-09-10,2986.5,691.5,ok
2025-09-11,3955.1,594.8,ok
2025-09-12,2002.0,333.3,ok
2025-09-13,2325.5,593.4,ok
2025-09-14,4093.1,724.8,ok
2025-09-15,1870.4,296.5,ok
2025-09-16,3990.2,607.2,ok
2025-09-17,3880.8,579.2,ok
2025-09-18,2009.3,308.3,ok
2025-09-19,2937.7,450.0,ok
2025-09-20,2366.7,473.9,ok
2025-09-21,3029.3,558.1,ok
2025-09-22,3234.4,592.8,ok
2025-09-23,4270.4,677.2,ok
2025-09-24,131.1,42.6,ok
2025-09-25,807.2,159.8,ok
2025-09-26,3694.6,612.4,ok
2025-09-27,4184.4,716.7,ok
2025-09-28,1467.2,223.9,ok
2025-09-29,3596.4,687.3,ok
2025-09-30,3081.8,464.2,ok
2025-10-01,4980.6,708.6,ok
2025-10-02,1429.9,310.1,ok
2025-10-03,383.0,75.5,ok
2025-10-04,2887.1,478.4,ok
2025-10-05,3135.5,644.1,ok
2025-10-06,508.5,84.8,ok
2025-10-07,694.0,145.0,ok
2025-10-08,1426.8,221.4,ok
2025-10-09,2654.7,628.7,ok
2025-10-10,4486.2,679.5,ok
2025-10-11,4699.0,680.6,ok
2025-10-12,3556.4,644.0,ok
2025-10-13,293.4,78.4,ok
2025-10-14,706.3,145.9,ok
2025-10-15,1341.5,213.9,ok
2025-10-16,2216.5,394.0,ok
2025-10-17,3752.7,647.5,ok
2025-10-18,856.9,241.6,ok
2025-10-19,1368.4,283.5,ok
2025-10-20,4467.8,715.4,ok
2025-10-21,990.3,147.7,ok
2025-10-22,3713.1,661.2,ok
2025-10-23,4001.3,708.0,ok
2025-10-24,3957.3,708.5,ok
2025-10-25,4426.7,696.7,ok
2025-10-26,3446.3,699.8,ok
2025-10-27,4889.5,740.2,ok
2025-10-28,4982.1,754.3,ok
2025-10-29,4719.5,724.1,ok
2025-10-30,3429.1,694.4,ok
2025-10-31,4018.4,695.9,ok
2025-11-01,4571.7,721.7,ok
2025-11-02,4482.0,692.5,ok
2025-11-03,4573.1,718.8,ok
2025-11-04,3702.9,622.6,ok
2025-11-05,3888.7,657.1,ok
2025-11-06,4003.8,653.8,ok
2025-11-07,3212.9,638.2,ok
2025-11-08,1097.7,231.4,ok
2025-11-09,3961.7,651.6,ok
2025-11-10,4607.4,729.9,ok
2025-11-11,4443.8,712.5,ok
2025-11-12,1236.4,240.8,ok
2025-11-13,2517.2,538.4,ok
2025-11-14,4350.7,704.4,ok
2025-11-15,4335.2,699.0,ok
2025-11-16,4093.2,669.4,ok
2025-11-17,2563.6,567.8,ok
2025-11-18,4094.9,694.1,ok
2025-11-19,3965.9,690.0,ok
2025-11-20,3958.9,658.6,ok
2025-11-21,4213.1,701.3,ok
2025-11-22,4177.2,694.6,ok
2025-11-23,3990.4,671.4,ok
2025-11-24,3394.8,629.6,ok
2025-11-25,2803.2,591.6,ok
2025-11-26,3654.3,599.8,ok
2025-11-27,2406.0,546.7,ok
2025-11-28,4165.7,698.5,ok
2025-11-29,3955.3,666.3,ok
2025-11-30,3279.0,548.9,ok
2025-12-01,2401.3,534.6,ok
2025-12-02,3176.6,629.2,ok
2025-12-03,3965.1,692.6,ok
2025-12-04,1599.6,393.0,ok
2025-12-05,4076.6,689.6,ok
2025-12-06,3838.8,690.7,ok
2025-12-07,2991.7,536.4,ok
2025-12-08,3394.3,690.0,ok
2025-12-09,4067.7,697.3,ok
2025-12-10,3277.8,646.0,ok
2025-12-11,2734.3,599.1,ok
2025-12-12,3794.7,673.0,ok
2025-12-13,1776.6,468.5,ok
2025-12-14,3228.1,657.3,ok
2025-12-15,3359.9,680.5,ok
2025-12-16,1054.0,246.3,ok
2025-12-17,1602.8,289.1,ok
2025-12-18,1896.6,333.3,ok
2025-12-19,1128.4,229.3,ok
2025-12-20,687.0,152.2,ok
2025-12-21,935.5,249.6,ok
2025-12-22,1767.6,328.9,ok
2025-12-23,611.7,146.2,ok
2025-12-24,227.4,50.4,ok
2025-12-25,1879.1,344.5,ok
2025-12-26,1595.2,332.1,ok
2025-12-27,1734.9,310.3,ok
2025-12-28,1571.8,322.5,ok
2025-12-29,1492.6,285.5,ok
2025-12-30,1159.3,246.4,ok
2025-12-31,1274.6,232.5,ok
2026-01-01,995.8,174.0,ok
2026-01-02,1710.6,337.2,ok
2026-01-03,1864.1,349.8,ok
2026-01-04,1589.4,302.8,ok
2026-01-05,1422.0,269.0,ok
2026-01-06,1870.3,347.4,ok
2026-01-07,1761.5,301.7,ok
2026-01-08,3851.6,718.0,ok
2026-01-09,3536.5,655.0,ok
2026-01-10,3483.3,613.6,ok
2026-01-11,4063.3,701.0,ok
2026-01-12,2681.9,561.0,ok
2026-01-13,4181.2,723.0,ok
2026-01-14,3544.5,658.0,ok
2026-01-15,2961.8,586.9,ok
2026-01-16,4141.6,692.1,ok
2026-01-17,3708.3,658.1,ok
2026-01-18,3628.5,635.1,ok
2026-01-19,1649.7,433.4,ok
2026-01-20,4180.0,734.4,ok
2026-01-21,3830.8,698.2,ok
2026-01-22,4198.9,720.7,ok
2026-01-23,3487.8,610.5,ok
2026-01-24,4430.5,722.4,ok
2026-01-25,4169.4,731.7,ok
2026-01-26,1866.5,516.7,ok
2026-01-27,4355.0,722.5,ok
2026-01-28,4135.5,747.6,ok
2026-01-29,3925.4,654.0,ok
2026-01-30,2623.4,449.7,ok
2026-01-31,4394.4,715.6,ok
2026-02-01,4324.2,708.6,ok
2026-02-02,3671.0,701.9,ok
2026-02-03,4298.7,758.8,ok
2026-02-04,4256.2,682.7,ok
2026-02-05,3524.1,514.7,ok
2026-02-06,3873.9,696.6,ok
2026-02-07,4790.3,779.0,ok
2026-02-08,5063.0,809.2,ok
2026-02-09,4404.2,762.1,ok
2026-02-10,897.8,315.3,ok
2026-02-11,4207.3,719.2,ok
2026-02-12,4763.7,764.2,ok
2026-02-13,4492.9,697.5,ok
2026-02-14,3125.5,628.5,ok
2026-02-15,4640.1,725.5,ok
2026-02-16,3577.9,649.6,ok
2026-02-17,5072.1,767.0,ok
2026-02-18,4766.0,720.0,ok
2026-02-19,5079.8,788.3,ok
2026-02-20,4751.0,737.3,ok
2026-02-21,4784.4,733.1,ok
2026-02-22,4469.5,702.2,ok
2026-02-23,4863.3,734.3,ok
2026-02-24,249.9,42.7,ok
2026-02-25,3668.7,551.9,ok
2026-02-26,1193.7,244.3,ok
2026-02-27,1517.3,309.6,ok
2026-02-28,4644.3,775.2,ok
2026-03-01,2087.2,458.7,ok
2026-03-02,448.2,127.9,ok
2026-03-03,2948.8,629.9,ok
2026-03-04,5034.7,760.7,ok
2026-03-05,3868.7,711.3,ok
2026-03-06,4211.5,763.8,ok
2026-03-07,4965.0,832.4,ok
2026-03-08,5158.3,768.5,ok
2026-03-09,4521.0,739.1,ok
2026-03-10,5330.5,767.9,ok
2026-03-11,4999.2,747.8,ok
2026-03-12,4045.7,686.1,ok
2026-03-13,5546.5,777.3,ok
2026-03-14,5313.7,777.5,ok
2026-03-15,3546.9,662.1,ok
2026-03-16,4567.7,727.9,ok
2026-03-17,5052.3,782.8,ok
2026-03-18,505.2,86.1,ok
2026-03-19,5698.5,795.3,ok
2026-03-20,5754.7,800.2,ok
2026-03-21,5597.9,783.5,ok
2026-03-22,3141.1,541.8,ok
2026-03-23,5616.5,778.8,ok
2026-03-24,4068.3,617.4,ok
2026-03-25,2307.4,465.5,ok
2026-03-26,5198.7,746.7,ok
2026-03-27,4646.7,662.3,ok
2026-03-28,5504.7,775.2,ok
2026-03-29,4573.7,774.0,ok
2026-03-30,1150.7,288.5,ok
2026-03-31,3178.4,689.9,ok
2026-04-01,1225.1,230.7,ok
2026-04-02,5807.1,784.3,ok
2026-04-03,4583.8,785.5,ok
2026-04-04,2945.7,598.5,ok
2026-04-05,5206.2,729.5,ok
2026-04-06,2048.6,331.7,ok
2026-04-07,6146.6,826.8,ok
2026-04-08,5970.0,796.0,ok
2026-04-09,197.0,38.3,ok
2026-04-10,5313.9,781.4,ok
2026-04-11,5433.4,763.2,ok
2026-04-12,3630.5,554.6,ok
2026-04-13,3571.3,613.6,ok
2026-04-14,1570.3,403.9,ok
2026-04-15,4015.3,749.2,ok
2026-04-16,5788.5,774.4,ok
2026-04-17,1601.8,390.2,ok
2026-04-18,3804.7,747.8,ok
2026-04-19,4352.4,677.6,ok
2026-04-20,3251.8,646.8,ok
2026-04-21,2241.7,520.9,ok
2026-04-22,1170.1,234.0,ok
2026-04-23,3101.6,475.2,ok
2026-04-24,5675.0,751.6,ok
2026-04-25,5595.1,740.7,ok
2026-04-26,4797.0,738.2,ok
2026-04-27,5260.9,695.4,ok
2026-04-28,3062.8,393.2,ok
2026-04-29,3436.0,641.3,ok
2026-04-30,2731.9,453.7,ok
2026-05-01,2729.8,596.5,ok
2026-05-02,3379.7,541.4,ok
2026-05-03,1209.5,257.3,ok
2026-05-04,5657.9,762.0,ok
2026-05-05,5942.3,779.5,ok
2026-05-06,5830.7,758.1,ok
2026-05-07,5327.2,728.4,ok
2026-05-08,5840.6,777.4,ok
2026-05-09,5904.8,771.5,ok
2026-05-10,5764.1,757.2,ok
2026-05-11,4913.6,746.7,ok
2026-05-12,799.5,218.6,ok
2026-05-13,4833.4,674.8,ok
2026-05-14,5314.2,724.2,ok
2026-05-15,5702.1,737.8,ok
2026-05-16,5592.4,721.2,ok
2026-05-17,5575.1,727.5,ok
2026-05-18,5638.3,727.8,ok
2026-05-19,4938.5,697.2,ok
2026-05-20,357.6,77.2,ok
2026-05-21,4007.1,712.0,ok
2026-05-22,2292.0,310.9,ok
2026-05-23,2744.3,534.8,ok
2026-05-24,5069.9,711.0,ok
2026-05-25,3910.7,579.9,ok
2026-05-26,2478.6,333.5,ok
2026-05-27,1235.2,207.7,ok
2026-05-28,4078.5,607.1,ok
2026-05-29,5403.1,693.8,ok
2026-05-30,5218.7,715.2,ok
2026-05-31,5499.6,694.7,ok
2026-06-01,4618.8,667.2,ok
2026-06-02,1180.5,209.0,ok
2026-06-03,4835.7,612.9,ok
2026-06-04,2624.3,536.6,ok
2026-06-05,5230.8,696.5,ok
2026-06-06,5049.5,702.6,ok
2026-06-07,2892.6,454.2,ok
2026-06-08,1504.6,283.0,ok
2026-06-09,4665.3,618.8,ok
2026-06-10,5121.9,689.7,ok
2026-06-11,5077.7,698.8,ok
2026-06-12,5474.1,710.4,ok
2026-06-13,5355.6,695.1,ok
2026-06-14,5237.7,686.8,ok
2026-06-15,5232.0,675.9,ok
2026-06-16,4640.4,637.3,ok
2026-06-17,2227.1,443.5,ok
2026-06-18,4092.5,619.5,ok
2026-06-19,1307.2,241.4,ok
2026-06-20,1130.5,214.8,ok
2026-06-21,3672.5,576.0,ok
2026-06-22,859.7,136.7,ok
2026-06-23,3207.1,504.2,ok
2026-06-24,1682.7,257.3,ok
2026-06-25,3245.8,543.0,ok
2026-06-26,5062.8,685.8,ok
2026-06-27,3766.1,530.4,ok
2026-06-28,5001.8,685.7,ok
2026-06-29,3466.2,583.3,ok
2026-06-30,3971.2,482.0,ok
2026-07-01,449.1,141.0,ok
2026-07-02,4272.4,615.7,ok
2026-07-03,2934.4,556.7,ok
2026-07-04,3448.1,667.7,ok
2026-07-05,1141.7,239.0,ok
2026-07-06,2341.8,409.8,ok
2026-07-07,1973.1,399.4,ok
2026-07-08,2206.4,474.5,ok
2026-07-09,3332.0,659.7,ok
2026-07-10,3541.1,512.0,ok
2026-07-11,4991.1,644.3,ok
2026-07-12,2921.4,390.8,ok
2026-07-13,3757.2,550.0,ok
2026-07-14,1260.3,301.6,ok
2026-07-15,3499.1,553.6,ok
2026-07-16,3088.8,553.4,ok
2026-07-17,3416.0,554.1,ok
2026-07-18,2833.3,523.7,ok
2026-07-19,2149.9,395.2,ok
2026-07-20,3522.0,550.2,ok
2026-07-21,3286.3,527.7,ok
2026-07-22,4475.6,662.1,ok
2026-07-23,3863.2,615.6,ok
2026-07-24,4063.7,612.9,ok
2026-07-25,4593.1,647.4,ok
2026-07-26,4831.4,642.5,ok
2026-07-27,4734.0,640.1,ok
2026-07-28,4372.4,640.7,ok
2026-07-29,4625.9,629.4,ok
2026-07-30,4837.5,634.3,ok
2026-07-31,4748.5,640.7,ok
2026-08-01,4736.2,626.7,ok
2026-08-02,4663.2,619.3,ok
2026-08-03,4581.3,615.9,ok
2026-08-04,3593.2,515.9,ok
2026-08-05,3898.4,577.3,ok
2026-08-06,4642.8,622.0,ok
2026-08-07,4549.2,612.8,ok
2026-08-08,3255.5,456.6,ok
2026-08-09,2083.8,337.2,ok
2026-08-10,2912.2,412.7,ok
2026-08-11,3537.0,595.6,ok
2026-08-12,3424.6,560.4,ok
2026-08-13,4258.7,605.6,ok
2026-08-14,4176.0,633.5,ok
2026-08-15,2811.0,536.4,ok
2026-08-16,324.7,93.6,ok
2026-08-17,836.4,244.3,ok
2026-08-18,3094.7,556.7,ok
2026-08-19,3921.1,655.9,ok
2026-08-20,4248.0,619.2,ok
2026-08-21,3659.9,541.7,ok
2026-08-22,4035.2,591.8,ok
2026-08-23,4096.3,597.0,ok
2026-08-24,4173.9,587.3,ok
2026-08-25,4187.1,565.2,ok
2026-08-26,3991.3,558.0,ok
2026-08-27,3063.5,559.7,ok
2026-08-28,684.7,124.2,ok
2026-08-29,2506.2,489.7,ok
2026-08-30,2947.6,486.0,ok
2026-08-31,3597.0,567.6,ok
