time,generation_kwh
2026-08-08 01:00,0.0
2026-08-08 02:00,0.0
2026-08-08 03:00,0.0
2026-08-08 04:00,0.0
2026-08-08 05:00,0.0
2026-08-08 06:00,0.0
2026-08-08 07:00,4.68
2026-08-08 08:00,48.672
2026-08-08 09:00,133.488
2026-08-08 10:00,214.272
2026-08-08 11:00,300.816
2026-08-08 12:00,300.816
2026-08-08 13:00,232.128
2026-08-08 14:00,266.76
2026-08-08 15:00,179.856
2026-08-08 16:00,79.2
2026-08-08 17:00,94.248
2026-08-08 18:00,72.144
2026-08-08 19:00,35.352
2026-08-08 20:00,0.288
2026-08-08 21:00,0.0
2026-08-08 22:00,0.0
2026-08-08 23:00,0.0
2026-08-08 24:00,0.0
2026-08-09 01:00,0.0
2026-08-09 02:00,0.0
2026-08-09 03:00,0.0
2026-08-09 04:00,0.0
2026-08-09 05:00,0.0
2026-08-09 06:00,0.0
2026-08-09 07:00,3.96
2026-08-09 08:00,34.704
2026-08-09 09:00,93.24
2026-08-09 10:00,130.752
2026-08-09 11:00,142.416
2026-08-09 12:00,233.136
2026-08-09 13:00,270.0
2026-08-09 14:00,411.552
2026-08-09 15:00,362.736
2026-08-09 16:00,198.072
2026-08-09 17:00,127.44
2026-08-09 18:00,63.792
2026-08-09 19:00,29.376
2026-08-09 20:00,1.368
2026-08-09 21:00,0.0
2026-08-09 22:00,0.0
2026-08-09 23:00,0.0
2026-08-09 24:00,0.0
2026-08-10 01:00,0.0
2026-08-10 02:00,0.0
2026-08-10 03:00,0.0
2026-08-10 04:00,0.0
2026-08-10 05:00,0.0
2026-08-10 06:00,0.0
2026-08-10 07:00,2.592
2026-08-10 08:00,35.568
2026-08-10 09:00,94.248
2026-08-10 10:00,234.432
2026-08-10 11:00,367.416
2026-08-10 12:00,292.464
2026-08-10 13:00,253.8
2026-08-10 14:00,277.344
2026-08-10 15:00,284.976
2026-08-10 16:00,270.216
2026-08-10 17:00,325.584
2026-08-10 18:00,203.328
2026-08-10 19:00,62.928
2026-08-10 20:00,0.288
2026-08-10 21:00,0.0
2026-08-10 22:00,0.0
2026-08-10 23:00,0.0
2026-08-10 24:00,0.0
2026-08-11 01:00,0.0
2026-08-11 02:00,0.0
2026-08-11 03:00,0.0
2026-08-11 04:00,0.0
2026-08-11 05:00,0.0
2026-08-11 06:00,0.0
2026-08-11 07:00,15.75
2026-08-11 08:00,130.05
2026-08-11 09:00,257.04
2026-08-11 10:00,286.74
2026-08-11 11:00,464.58
2026-08-11 12:00,626.94
2026-08-11 13:00,726.21
2026-08-11 14:00,676.98
2026-08-11 15:00,332.46
2026-08-11 16:00,414.54
2026-08-11 17:00,252.99
2026-08-11 18:00,155.07
2026-08-11 19:00,86.22
2026-08-11 20:00,1.89
2026-08-11 21:00,0.0
2026-08-11 22:00,0.0
2026-08-11 23:00,0.0
2026-08-11 24:00,0.0
2026-08-12 01:00,0.0
2026-08-12 02:00,0.0
2026-08-12 03:00,0.0
2026-08-12 04:00,0.0
2026-08-12 05:00,0.0
2026-08-12 06:00,0.0
2026-08-12 07:00,8.28
2026-08-12 08:00,89.55
2026-08-12 09:00,281.16
2026-08-12 10:00,407.97
2026-08-12 11:00,578.7
2026-08-12 12:00,671.85
2026-08-12 13:00,497.61
2026-08-12 14:00,489.6
2026-08-12 15:00,248.58
2026-08-12 16:00,131.76
2026-08-12 17:00,173.88
2026-08-12 18:00,65.97
2026-08-12 19:00,14.58
2026-08-12 20:00,0.0
2026-08-12 21:00,0.0
2026-08-12 22:00,0.0
2026-08-12 23:00,0.0
2026-08-12 24:00,0.0
2026-08-13 01:00,0.0
2026-08-13 02:00,0.0
2026-08-13 03:00,0.0
2026-08-13 04:00,0.0
2026-08-13 05:00,0.0
2026-08-13 06:00,0.0
2026-08-13 07:00,7.47
2026-08-13 08:00,90.27
2026-08-13 09:00,286.29
2026-08-13 10:00,440.64
2026-08-13 11:00,510.66
2026-08-13 12:00,314.64
2026-08-13 13:00,383.49
2026-08-13 14:00,458.28
2026-08-13 15:00,312.57
2026-08-13 16:00,102.06
2026-08-13 17:00,168.84
2026-08-13 18:00,80.64
2026-08-13 19:00,29.16
2026-08-13 20:00,0.54
2026-08-13 21:00,0.0
2026-08-13 22:00,0.0
2026-08-13 23:00,0.0
2026-08-13 24:00,0.0
2026-08-14 01:00,0.0
2026-08-14 02:00,0.0
2026-08-14 03:00,0.0
2026-08-14 04:00,0.0
2026-08-14 05:00,0.0
2026-08-14 06:00,0.0
2026-08-14 07:00,11.88
2026-08-14 08:00,87.39
2026-08-14 09:00,264.06
2026-08-14 10:00,440.55
2026-08-14 11:00,482.4
2026-08-14 12:00,474.93
2026-08-14 13:00,602.01
2026-08-14 14:00,660.69
2026-08-14 15:00,570.69
2026-08-14 16:00,332.28
2026-08-14 17:00,197.28
2026-08-14 18:00,140.04
2026-08-14 19:00,36.45
2026-08-14 20:00,1.17
2026-08-14 21:00,0.0
2026-08-14 22:00,0.0
2026-08-14 23:00,0.0
2026-08-14 24:00,0.0
2026-08-15 01:00,0.0
2026-08-15 02:00,0.0
2026-08-15 03:00,0.0
2026-08-15 04:00,0.0
2026-08-15 05:00,0.0
2026-08-15 06:00,0.0
2026-08-15 07:00,9.18
2026-08-15 08:00,54.99
2026-08-15 09:00,135.81
2026-08-15 10:00,296.28
2026-08-15 11:00,413.37
2026-08-15 12:00,490.77
2026-08-15 13:00,382.77
2026-08-15 14:00,338.85
2026-08-15 15:00,292.05
2026-08-15 16:00,138.78
2026-08-15 17:00,75.51
2026-08-15 18:00,66.06
2026-08-15 19:00,8.19
2026-08-15 20:00,0.0
2026-08-15 21:00,0.0
2026-08-15 22:00,0.0
2026-08-15 23:00,0.0
2026-08-15 24:00,0.0
2026-08-16 01:00,0.0
2026-08-16 02:00,0.0
2026-08-16 03:00,0.0
2026-08-16 04:00,0.0
2026-08-16 05:00,0.0
2026-08-16 06:00,0.0
2026-08-16 07:00,0.0
2026-08-16 08:00,0.0
2026-08-16 09:00,8.01
2026-08-16 10:00,18.09
2026-08-16 11:00,22.86
2026-08-16 12:00,11.43
2026-08-16 13:00,10.62
2026-08-16 14:00,13.59
2026-08-16 15:00,63.18
2026-08-16 16:00,21.15
2026-08-16 17:00,10.35
2026-08-16 18:00,4.86
2026-08-16 19:00,0.0
2026-08-16 20:00,0.0
2026-08-16 21:00,0.0
2026-08-16 22:00,0.0
2026-08-16 23:00,0.0
2026-08-16 24:00,0.0
2026-08-17 01:00,0.0
2026-08-17 02:00,0.0
2026-08-17 03:00,0.0
2026-08-17 04:00,0.0
2026-08-17 05:00,0.0
2026-08-17 06:00,0.0
2026-08-17 07:00,0.0
2026-08-17 08:00,0.0
2026-08-17 09:00,5.31
2026-08-17 10:00,86.04
2026-08-17 11:00,48.96
2026-08-17 12:00,172.53
2026-08-17 13:00,341.28
2026-08-17 14:00,360.54
2026-08-17 15:00,161.19
2026-08-17 16:00,144.81
2026-08-17 17:00,143.28
2026-08-17 18:00,58.77
2026-08-17 19:00,54.27
2026-08-17 20:00,0.0
2026-08-17 21:00,0.0
2026-08-17 22:00,0.0
2026-08-17 23:00,0.0
2026-08-17 24:00,0.0
2026-08-18 01:00,0.0
2026-08-18 02:00,0.0
2026-08-18 03:00,0.0
2026-08-18 04:00,0.0
2026-08-18 05:00,0.0
2026-08-18 06:00,0.0
2026-08-18 07:00,0.0
2026-08-18 08:00,0.0
2026-08-18 09:00,16.29
2026-08-18 10:00,9.45
2026-08-18 11:00,352.44
2026-08-18 12:00,531.54
2026-08-18 13:00,622.62
2026-08-18 14:00,600.3
2026-08-18 15:00,475.47
2026-08-18 16:00,531.9
2026-08-18 17:00,402.75
2026-08-18 18:00,198.99
2026-08-18 19:00,47.97
2026-08-18 20:00,0.0
2026-08-18 21:00,0.0
2026-08-18 22:00,0.0
2026-08-18 23:00,0.0
2026-08-18 24:00,0.0
2026-08-19 01:00,0.0
2026-08-19 02:00,0.0
2026-08-19 03:00,0.0
2026-08-19 04:00,0.0
2026-08-19 05:00,0.0
2026-08-19 06:00,0.0
2026-08-19 07:00,4.23
2026-08-19 08:00,50.85
2026-08-19 09:00,146.97
2026-08-19 10:00,273.33
2026-08-19 11:00,176.85
2026-08-19 12:00,168.48
2026-08-19 13:00,390.87
2026-08-19 14:00,398.97
2026-08-19 15:00,258.93
2026-08-19 16:00,148.68
2026-08-19 17:00,155.34
2026-08-19 18:00,96.39
2026-08-19 19:00,25.56
2026-08-19 20:00,0.0
2026-08-19 21:00,0.0
2026-08-19 22:00,0.0
2026-08-19 23:00,0.0
2026-08-19 24:00,0.0
2026-08-20 01:00,0.0
2026-08-20 02:00,0.0
2026-08-20 03:00,0.0
2026-08-20 04:00,0.0
2026-08-20 05:00,0.0
2026-08-20 06:00,0.0
2026-08-20 07:00,4.23
2026-08-20 08:00,42.66
2026-08-20 09:00,149.22
2026-08-20 10:00,383.58
2026-08-20 11:00,546.48
2026-08-20 12:00,602.01
2026-08-20 13:00,638.01
2026-08-20 14:00,628.65
2026-08-20 15:00,545.58
2026-08-20 16:00,409.32
2026-08-20 17:00,287.01
2026-08-20 18:00,116.46
2026-08-20 19:00,8.1
2026-08-20 20:00,0.0
2026-08-20 21:00,0.0
2026-08-20 22:00,0.0
2026-08-20 23:00,0.0
2026-08-20 24:00,0.0
2026-08-21 01:00,0.0
2026-08-21 02:00,0.0
2026-08-21 03:00,0.0
2026-08-21 04:00,0.0
2026-08-21 05:00,0.0
2026-08-21 06:00,0.0
2026-08-21 07:00,7.83
2026-08-21 08:00,48.6
2026-08-21 09:00,249.84
2026-08-21 10:00,266.13
2026-08-21 11:00,384.03
2026-08-21 12:00,321.39
2026-08-21 13:00,205.83
2026-08-21 14:00,509.85
2026-08-21 15:00,527.22
2026-08-21 16:00,313.11
2026-08-21 17:00,68.13
2026-08-21 18:00,68.49
2026-08-21 19:00,16.65
2026-08-21 20:00,0.0
2026-08-21 21:00,0.0
2026-08-21 22:00,0.0
2026-08-21 23:00,0.0
2026-08-21 24:00,0.0
2026-08-22 01:00,0.0
2026-08-22 02:00,0.0
2026-08-22 03:00,0.0
2026-08-22 04:00,0.0
2026-08-22 05:00,0.0
2026-08-22 06:00,0.0
2026-08-22 07:00,0.0
2026-08-22 08:00,50.31
2026-08-22 09:00,150.12
2026-08-22 10:00,257.04
2026-08-22 11:00,418.77
2026-08-22 12:00,550.89
2026-08-22 13:00,601.47
2026-08-22 14:00,453.69
2026-08-22 15:00,389.43
2026-08-22 16:00,324.63
2026-08-22 17:00,329.67
2026-08-22 18:00,223.02
2026-08-22 19:00,45.09
2026-08-22 20:00,0.0
2026-08-22 21:00,0.0
2026-08-22 22:00,0.0
2026-08-22 23:00,0.0
2026-08-22 24:00,0.0
2026-08-23 01:00,0.0
2026-08-23 02:00,0.0
2026-08-23 03:00,0.0
2026-08-23 04:00,0.0
2026-08-23 05:00,0.0
2026-08-23 06:00,0.0
2026-08-23 07:00,8.82
2026-08-23 08:00,66.24
2026-08-23 09:00,165.42
2026-08-23 10:00,367.38
2026-08-23 11:00,493.2
2026-08-23 12:00,499.86
2026-08-23 13:00,591.03
2026-08-23 14:00,609.75
2026-08-23 15:00,611.82
2026-08-23 16:00,449.73
2026-08-23 17:00,257.22
2026-08-23 18:00,197.64
2026-08-23 19:00,40.68
2026-08-23 20:00,0.09
2026-08-23 21:00,0.0
2026-08-23 22:00,0.0
2026-08-23 23:00,0.0
2026-08-23 24:00,0.0
2026-08-24 01:00,0.0
2026-08-24 02:00,0.0
2026-08-24 03:00,0.0
2026-08-24 04:00,0.0
2026-08-24 05:00,0.0
2026-08-24 06:00,0.0
2026-08-24 07:00,8.37
2026-08-24 08:00,86.22
2026-08-24 09:00,249.03
2026-08-24 10:00,411.12
2026-08-24 11:00,524.7
2026-08-24 12:00,603.54
2026-08-24 13:00,640.08
2026-08-24 14:00,639.9
2026-08-24 15:00,567.36
2026-08-24 16:00,503.19
2026-08-24 17:00,371.61
2026-08-24 18:00,202.59
2026-08-24 19:00,38.25
2026-08-24 20:00,0.0
2026-08-24 21:00,0.0
2026-08-24 22:00,0.0
2026-08-24 23:00,0.0
2026-08-24 24:00,0.0
2026-08-25 01:00,0.0
2026-08-25 02:00,0.0
2026-08-25 03:00,0.0
2026-08-25 04:00,0.0
2026-08-25 05:00,0.0
2026-08-25 06:00,0.0
2026-08-25 07:00,7.74
2026-08-25 08:00,85.41
2026-08-25 09:00,256.59
2026-08-25 10:00,425.43
2026-08-25 11:00,537.12
2026-08-25 12:00,605.61
2026-08-25 13:00,645.84
2026-08-25 14:00,602.55
2026-08-25 15:00,599.58
2026-08-25 16:00,503.28
2026-08-25 17:00,371.43
2026-08-25 18:00,198.45
2026-08-25 19:00,40.77
2026-08-25 20:00,0.0
2026-08-25 21:00,0.0
2026-08-25 22:00,0.0
2026-08-25 23:00,0.0
2026-08-25 24:00,0.0
2026-08-26 01:00,0.0
2026-08-26 02:00,0.0
2026-08-26 03:00,0.0
2026-08-26 04:00,0.0
2026-08-26 05:00,0.0
2026-08-26 06:00,0.0
2026-08-26 07:00,7.38
2026-08-26 08:00,86.13
2026-08-26 09:00,257.49
2026-08-26 10:00,410.22
2026-08-26 11:00,531.63
2026-08-26 12:00,576.0
2026-08-26 13:00,486.0
2026-08-26 14:00,617.58
2026-08-26 15:00,577.8
2026-08-26 16:00,493.29
2026-08-26 17:00,339.75
2026-08-26 18:00,168.57
2026-08-26 19:00,24.48
2026-08-26 20:00,0.0
2026-08-26 21:00,0.0
2026-08-26 22:00,0.0
2026-08-26 23:00,0.0
2026-08-26 24:00,0.0
2026-08-27 01:00,0.0
2026-08-27 02:00,0.0
2026-08-27 03:00,0.0
2026-08-27 04:00,0.0
2026-08-27 05:00,0.0
2026-08-27 06:00,0.0
2026-08-27 07:00,3.96
2026-08-27 08:00,63.45
2026-08-27 09:00,229.23
2026-08-27 10:00,359.64
2026-08-27 11:00,427.95
2026-08-27 12:00,432.27
2026-08-27 13:00,564.21
2026-08-27 14:00,591.75
2026-08-27 15:00,597.42
2026-08-27 16:00,518.49
2026-08-27 17:00,194.49
2026-08-27 18:00,61.38
2026-08-27 19:00,3.06
2026-08-27 20:00,0.0
2026-08-27 21:00,0.0
2026-08-27 22:00,0.0
2026-08-27 23:00,0.0
2026-08-27 24:00,0.0
2026-08-28 01:00,0.0
2026-08-28 02:00,0.0
2026-08-28 03:00,0.0
2026-08-28 04:00,0.0
2026-08-28 05:00,0.0
2026-08-28 06:00,0.0
2026-08-28 07:00,0.0
2026-08-28 08:00,0.54
2026-08-28 09:00,22.23
2026-08-28 10:00,10.44
2026-08-28 11:00,39.24
2026-08-28 12:00,155.88
2026-08-28 13:00,172.8
2026-08-28 14:00,201.78
2026-08-28 15:00,152.1
2026-08-28 16:00,55.17
2026-08-28 17:00,11.52
2026-08-28 18:00,12.87
2026-08-28 19:00,11.61
2026-08-28 20:00,0.0
2026-08-28 21:00,0.0
2026-08-28 22:00,0.0
2026-08-28 23:00,0.0
2026-08-28 24:00,0.0
2026-08-29 01:00,0.0
2026-08-29 02:00,0.0
2026-08-29 03:00,0.0
2026-08-29 04:00,0.0
2026-08-29 05:00,0.0
2026-08-29 06:00,0.0
2026-08-29 07:00,3.69
2026-08-29 08:00,67.59
2026-08-29 09:00,166.95
2026-08-29 10:00,399.6
2026-08-29 11:00,448.83
2026-08-29 12:00,366.66
2026-08-29 13:00,85.5
2026-08-29 14:00,324.18
2026-08-29 15:00,253.17
2026-08-29 16:00,86.04
2026-08-29 17:00,160.11
2026-08-29 18:00,142.56
2026-08-29 19:00,7.74
2026-08-29 20:00,0.0
2026-08-29 21:00,0.0
2026-08-29 22:00,0.0
2026-08-29 23:00,0.0
2026-08-29 24:00,0.0
2026-08-30 01:00,0.0
2026-08-30 02:00,0.0
2026-08-30 03:00,0.0
2026-08-30 04:00,0.0
2026-08-30 05:00,0.0
2026-08-30 06:00,0.0
2026-08-30 07:00,0.0
2026-08-30 08:00,80.37
2026-08-30 09:00,189.9
2026-08-30 10:00,208.26
2026-08-30 11:00,317.79
2026-08-30 12:00,429.48
2026-08-30 13:00,412.83
2026-08-30 14:00,506.7
2026-08-30 15:00,593.82
2026-08-30 16:00,307.35
2026-08-30 17:00,78.21
2026-08-30 18:00,0.54
2026-08-30 19:00,0.0
2026-08-30 20:00,0.0
2026-08-30 21:00,0.0
2026-08-30 22:00,0.0
2026-08-30 23:00,0.0
2026-08-30 24:00,0.0
2026-08-31 01:00,0.0
2026-08-31 02:00,0.0
2026-08-31 03:00,0.0
2026-08-31 04:00,0.0
2026-08-31 05:00,0.0
2026-08-31 06:00,0.0
2026-08-31 07:00,9.27
2026-08-31 08:00,110.43
2026-08-31 09:00,173.16
2026-08-31 10:00,371.34
2026-08-31 11:00,219.24
2026-08-31 12:00,428.76
2026-08-31 13:00,615.24
2026-08-31 14:00,544.95
2026-08-31 15:00,394.74
2026-08-31 16:00,402.57
2026-08-31 17:00,330.21
2026-08-31 18:00,229.32
2026-08-31 19:00,34.56
2026-08-31 20:00,0.0
2026-08-31 21:00,0.0
2026-08-31 22:00,0.0
2026-08-31 23:00,0.0
2026-08-31 24:00,0.0
