plant_id,plant,unit,capacity_kw_est,capacity_kw_official,lat,lon,site_hint,use,note,hourly_ok,ghi_cf_corr
samcheonpo_1,삼천포태양광,1,60.1,,34.934,128.072,경남 고성군 하이면 삼천포발전본부,0,"추정용량 60kW로 비정상 소형, 0kWh 82일 -> 제외",0,
samcheonpo_2,삼천포태양광,2,847.3,,34.934,128.072,경남 고성군 하이면 삼천포발전본부,1,1차 데모 발전소,1,0.904
samcheonpo_3,삼천포태양광,3,294.1,,34.934,128.072,경남 고성군 하이면 삼천포발전본부,1,,1,0.916
samcheonpo_4,삼천포태양광,4,1588.2,,34.934,128.072,경남 고성군 하이면 삼천포발전본부,1,"시간별 계측 불규칙(급변 25%), 피크 4h 지연 -> 시간별 제외, 일 단위만",0,
samcheonpo5_1,삼천포태양광#5,1,3620.2,,34.934,128.072,경남 고성군 하이면 삼천포발전본부,1,"시간별 계측 불규칙(급변 25%), 피크 4h 지연 -> 시간별 제외",0,
samcheonpo5_2,삼천포태양광#5,2,6106.0,,34.934,128.072,경남 고성군 하이면 삼천포발전본부,1,"시간별 계측 불규칙(급변 35%), 피크 3h 지연 -> 시간별 제외",0,
samcheonpo6_1,삼천포태양광#6,1,798.7,,34.934,128.072,경남 고성군 하이면 삼천포발전본부,0,"0kWh 373일 -> 실제 장기 정지 구간, 드리프트 시나리오(설비 이상) 실제 사례로 사용",0,
gwangyang_1,광양항세방태양광,1,2301.6,,34.918,127.696,전남 광양시 광양항 세방 부두,1,,1,0.907
yeosu_1,여수태양광,1,1600.6,,34.760,127.661,전남 여수시 여수화력,0,"2024-05~ 시작, 평균 이용률 1.4% -> 데이터 이상, 제외",0,
goheung_1,고흥만 수상태양광,1,57484.7,,34.676,127.166,전남 고흥군 고흥만 간척지 (수상),0,"2023-09~ 시작(1096일), 용량 57MW 추정, 수상형 -> 2단계 검토",0,
gyeongsang_1,경상대태양광,1,697.1,,35.153,128.098,경남 진주시 경상국립대,1,,1,0.907
doosan_1,두산엔진MG태양광,1,97.3,,35.219,128.683,경남 창원시 두산엔진,1,97kW 소형 지붕형,1,0.841
gumi_1,구미태양광,1,815.6,,36.119,128.344,경북 구미시,1,,1,0.903
yecheon_1,예천태양광,1,1713.6,,36.657,128.453,경북 예천군 예천양수,1,0kWh 103일 -> 정지 구간 확인 필요,1,0.845
yeongdong_1,영동태양광,1,930.0,,37.838,128.953,강원 강릉시 영동에코발전본부,1,"충북 영동이 아니라 강릉 영동화력 부지로 추정, 확인 필요 | 발전 피크가 일사량보다 2~4h 지연(계측 시각 오프셋 의심) -> 시간별 제외",0,
yeongheung_1,영흥태양광,1,838.3,,37.241,126.470,인천 옹진군 영흥도 영흥발전본부,1,,1,0.918
yeongheung_2,영흥태양광,2,809.0,,37.241,126.470,인천 옹진군 영흥도 영흥발전본부,1,,1,0.856
yeongheung3_1,영흥태양광 #3,1,2825.3,,37.241,126.470,인천 옹진군 영흥도 영흥발전본부,1,"시간별 계측 불규칙(급변 52%), 02시 발전>0 -> 시간별 제외",0,
yeongheung3_2,영흥태양광 #3,2,1132.0,,37.241,126.470,인천 옹진군 영흥도 영흥발전본부,1,시간별 계측 불규칙(급변 46%) -> 시간별 제외,0,
yeongheung3_3,영흥태양광 #3,3,1235.3,,37.241,126.470,인천 옹진군 영흥도 영흥발전본부,1,시간별 계측 불규칙(급변 51%) -> 시간별 제외,0,
yeongheung5_1,영흥태양광#5,1,3232.5,,37.241,126.470,인천 옹진군 영흥도 영흥발전본부,1,,1,0.907
tapseon_1,탑선태양광,1,2247.6,,,,위치 미상,0,"평균 이용률 2.1% -> 용량 추정 깨짐(피크 이상치), 제외",0,
tapseon_3,탑선태양광,3,8679.6,,,,위치 미상,0,평균 이용률 0.3% -> 제외,0,
